<?xml version="1.0" encoding="utf-8"?>
<modification>
  <name>Codeeshop Social Contact</name>
  <code>Codeeshop</code>
  <version>1.0</version>
  <author>Codeeshop</author>
  <link>https://www.codeeshop.com</link>

  <file path="catalog/controller/common/header.php">
    <operation>
      <search>
        <![CDATA[$this->load->controller('common/cart');]]>
      </search>
      <add position="after">
        <![CDATA[$data['ces_social_contact'] = $this->load->controller('extension/module/ces_social_contact');]]>
      </add>
    </operation>
  </file>

  <file path="catalog/view/theme/*/template/common/header.twig">
    <operation>
      <search>
        <![CDATA[</header>]]>
      </search>
      <add position="after">
        <![CDATA[{{ ces_social_contact }}]]>
      </add>
    </operation>
  </file>
</modification>